text,category
I am still waiting on my card?,card_arrival
What can I do if my card still hasn't arrived after 2 weeks?,card_arrival
I have been waiting over a week. Is the card still coming?,card_arrival
Can I track my card while it is in the process of delivery?,card_arrival
"How do I know if I will get my card, or if it is lost?",card_arrival
When did you send me my new card?,card_arrival
Do you have info about the card on delivery?,card_arrival
What do I do if I still have not received my new card?,card_arrival
Does the package with my card have tracking?,card_arrival
I ordered my card but it still isn't here,card_arrival
Why has my new card still not come?,card_arrival
"I still haven't received my card after two weeks, is it lost?",card_arrival
Can you track my card for me?,card_arrival
Is there a way to track the delivery of my card?,card_arrival
It's been a week since I ordered my card and it's not here. Please help?,card_arrival
Will I be able to track the card that was sent to me?,card_arrival
I don't have my card in 1 week.  Should I be worried?,card_arrival
How do I know when my new card is going to arrive?,card_arrival
My new card has not been delivered to my home yet. What is going on?,card_arrival
It's been a week since you issued me a card and I still didn't get it. Should I keep waiting?,card_arrival
"On the card that is coming, what's the tracking info?",card_arrival
What is the status of my card's delivery?,card_arrival
Have you sent out my card yet?,card_arrival
My card isn't here yet.,card_arrival
where is my new card?,card_arrival
It's been a week since you sent my card and I still don't have it.,card_arrival
How do I track the card you sent me?,card_arrival
When will I recieve my new card?,card_arrival
When will I get my new card?,card_arrival
What is the expected delivery date for my card?,card_arrival
Is there a tracking number for the card you sent me?,card_arrival
I would like to track the card you sent to me.,card_arrival
Has my card been lost in delivery?,card_arrival
My new card hasn't came in.,card_arrival
Where is the card I ordered 2 weeks ago?,card_arrival
Can I get an update on my replacement card?,card_arrival
How long does it take for a new card to ship?,card_arrival
What's the tracking on the card you sent?,card_arrival
I haven't received my card and am worried it is lost.,card_arrival
My card still hasn't been delivered,card_arrival
I need to find out where the card is that I ordered.,card_arrival
Where is my credit card that was to be mailed?,card_arrival
I ordered my card but it hasn't been delivered yet,card_arrival
Am I able to track the card that was just sent to me?,card_arrival
Can you tell me why I haven't received my new card?,card_arrival
I'm still waiting for my new card.,card_arrival
Is my card lost? I am still waiting for it to be delivered.,card_arrival
Should I keep waiting for my card to be delivered?,card_arrival
Can I track when my card will be delivered?,card_arrival
How can I check on the status of my new card?,card_arrival
"A card has been sent to me, how do I track it?",card_arrival
Is there a way I can get my card expedited?,card_arrival
What can I do to track the card you sent me?,card_arrival
why hasnt my card come in yet?,card_arrival
How can I periodically check the delivery of the card you sent?,card_arrival
What's the reason my new card hasn't come?,card_arrival
How long does it take for me to get my new card?,card_arrival
I don't have my card after 1 week. What are my next steps?,card_arrival
I know I'm getting a new card but would like know when I can expect to receive it.,card_arrival
I want to find out what happened to my new card?,card_arrival
Was there a way for me to get tracking for that?,card_arrival
I am still waiting for my card.,card_arrival
My card hasn't arrived.,card_arrival
Can I track the card you sent to me?,card_arrival
I haven't gotten my new card.,card_arrival
How long should it take for my new card to arrive in them mail? What should I do if I never receive it?,card_arrival
Will I have to wait much longer for my new card to arrive?,card_arrival
how to track the card you sent,card_arrival
2 weeks ago I ordered my new card.  It isn't here.  What should I do?,card_arrival
How can I check on the delivery status of my card?,card_arrival
"My card has not been delivered yet and its been a week since I ordered it, please help",card_arrival
What's the expected wait time to recieve my new card?,card_arrival
How can I see the progress of delivery of the card that was sent?,card_arrival
"My card was supposed to arrive, but hasn't?",card_arrival
I ordered a card and would like to know how to track the delivery progress of it.,card_arrival
How long will it take for me to get my card?,card_arrival
My card hasn't shown up yet.,card_arrival
Does the card you sent have a tracking number?,card_arrival
My card hasn't arrived in the mail yet. I ordered it two weeks ago. What can I do?,card_arrival
maximum how many days get the courier?,card_arrival
Is there a reason my new card hasn't arrived yet?,card_arrival
"I've been waiting a while for my card, is there a way to know when it will arrive?",card_arrival
How can I track my card's delivery?,card_arrival
Can I track the card that was just sent to me?,card_arrival
"If I ordered my new card last week, how much longer should I wait to receive it?",card_arrival
"What's go on, where is my new card?",card_arrival
Where is my new card if I haven't received it yet?,card_arrival
Where is my card?,card_arrival
Can you tell me why I haven't received my new card yet?,card_arrival
Is there a way to track my card?,card_arrival
Is there a way to track the new card you sent me?,card_arrival
I'm still waiting for my card.,card_arrival
What do I need to do to get my new card which I have requested 2 weeks ago?,card_arrival
WHAT IS THE SOLUTION OF THIS PROBLEM,card_arrival
Could I get tracking on the card?,card_arrival
Can you help me track my card?,card_arrival
Shouldn't my new card be here by now?,card_arrival
Is there a reason my new card hasn't arrived?,card_arrival
"I would like to track a card sent to me, how do I do that?",card_arrival
Is there a tracking number for the card?,card_arrival
can you share card tracking number?,card_arrival
"I have not received my card and it's been a week, what do I do?",card_arrival
Is there a way I can check on the card on route to me?,card_arrival
When will my new card arrive?,card_arrival
Why haven't I received my new card yet?,card_arrival
What is the expected delivery date of my card?,card_arrival
My card hasn't came in the mail yet?,card_arrival
I haven't received my card.,card_arrival
Is it possible for me to track the card is was mailed to me?,card_arrival
When will my new card be delivered?,card_arrival
I was issued a card about a week ago. why hasn't it come in yet?,card_arrival
Can you please tell me where my card is? I ordered it 2 weeks ago!,card_arrival
I still haven't received my card in the mail,card_arrival
I'm still waiting for my card that was issued a week ago. What should I do?,card_arrival
I still haven't gotten my new card.  When will it get here?,card_arrival
Do you have a tracking number for the card I was sent?,card_arrival
How do I track the card you sent to me?,card_arrival
Is my new bank card on the way and is there a way to track it?,card_arrival
Could you send me and up date on the arrival of my card?,card_arrival
How long does it take to recieve my new card?,card_arrival
My card has not come in the mail yet.,card_arrival
What's the card you sent me's tracking number?,card_arrival
i havent got my card,card_arrival
Why hasn't my card arrived yet?,card_arrival
I thought I would have received my new card at this point.,card_arrival
How long until my new card gets here?,card_arrival
How much longer until I get my new card?,card_arrival
Am I able to track a card that has already been sent?,card_arrival
Is it possible to track the card you sent me?,card_arrival
How long will it be to get this new card?,card_arrival
how can i track card you sent,card_arrival
Can the card was sen to me be tracked?,card_arrival
why have i not got my new card?,card_arrival
I need to track the card sent to me.,card_arrival
"It's been two weeks and I haven't gotten my card, what do I do?",card_arrival
I was expecting my new card by now.,card_arrival
Where is the tracking number for the card?,card_arrival
I was issued a new card a week ago but still haven't received it. How long will it be until I receive it?,card_arrival
Can I track the card that you sent me in the mail?,card_arrival
Can you tell me if I can track the card you sent me?,card_arrival
Why have I not gotten my new card?,card_arrival
I'm still waiting on my new card to be delivered!,card_arrival
My new card isn't here and it was issued a week ago.,card_arrival
"I was supposed to receive my new card by now, but it hasn't came in.",card_arrival
Is a tracking number available for the card that was just sent?,card_arrival
Why haven't I gotten my new card?,card_arrival
Was there a number to track that I could get?,card_arrival
How much longer is it going to take to get my new card?,card_arrival
I haven't gotten my credit card in the mail.,card_arrival
My card hasn't arrived yet. What do I do?,card_arrival
"My card still hasn't arrived after two weeks, now what?",card_arrival
My card appears to have never arrived?,card_arrival
My card never arrived.,card_arrival
I can't use my card because it is not working.,card_not_working
I can't seem to be able to use my card,card_not_working
"My card isn't working at all, I need assistance. It's really frustrating.",card_not_working
Can you tell me what the problem with my card is? It was declined at a restaurant today.,card_not_working
How do I fix a broken card?,card_not_working
My card was working but now it doesn't.,card_not_working
I cannot seem to use my card.,card_not_working
I think my card is broke it's not working anymore,card_not_working
I have not been able to use this card.,card_not_working
What do I do if i accidentally broke my card?,card_not_working
How come my card doesn't work anymore?,card_not_working
"For a week now, I have tried to use my card and it is still not working.",card_not_working
My actual card isn't functioning.,card_not_working
I can't get the card itself to work.,card_not_working
What should I do if my card doesn't work?,card_not_working
Why won't my card work.,card_not_working
My card will not work,card_not_working
My card is not working.,card_not_working
HOW LONG THE CARD VALIDITY,card_not_working
My card seems to not be working at all.,card_not_working
My card gets rejected when I try to use it,card_not_working
I am unable to use my card for some reason.,card_not_working
Why can't I use my card?,card_not_working
I think my card is broke?,card_not_working
What do I do?  My card is broken.,card_not_working
"My Netflix subscription says that there is an issue with my card information, but I thought everything was fine. Why would it be declined?",card_not_working
My card was declined at a restaurant today and I don't know what the problem is.,card_not_working
WHAT IS THE REASON FOR THAT,card_not_working
My card is not working when I try to use it.,card_not_working
How do I check security settings on my card?,card_not_working
My card isn't working at all. What happened?,card_not_working
Today I was out eating and my card was declined. Why's that?,card_not_working
What are ways to test why my card might not be working?,card_not_working
Currently my card is broken.,card_not_working
My card won't work at all for anything.,card_not_working
How do I fix my card if it is broken?,card_not_working
Why doesn't my card work for any transactions?,card_not_working
"I tried using my card, but it doesn't work.",card_not_working
My card hasn't been working for even small transactions today.,card_not_working
What do I do if the machine rejects my card?,card_not_working
Something's wrong my card won't work.,card_not_working
I tried to use my card today in the restaurant but it didn't work and just got declined. What's wrong?,card_not_working
"Suddenly, my card won't work.",card_not_working
My card hasn't been working when I try to use it.,card_not_working
My physical card is not working,card_not_working
"
I can't seem to be able to use my card


",card_not_working
Why is my physical card not working?,card_not_working
Help.  My card is broken.,card_not_working
I am unable to use my card.,card_not_working
"No transactions are being accepted, what's wrong with my card?",card_not_working
Is my card frozen?,card_not_working
My card was declined at a restaurant today and I am not sure why.,card_not_working
What do I do now that I can't use this card?,card_not_working
My card doesn't seem to work anymore,card_not_working
"Out of the blue, my card stopped working.",card_not_working
I can't seem to use my card. Can you help?,card_not_working
How do I re-order a damaged card?,card_not_working
Why is my card not working anymore?,card_not_working
I can't use my card for anything,card_not_working
What's wrong with my card? The clerk at the grocery store said it was declined.,card_not_working
What should I do if I can't use my card?,card_not_working
Can I use app to reset PIN attempts?,card_not_working
Please help.  The card won't work.,card_not_working
I wasn't able to use my card today when I went out for lunch. Wondering why that is?,card_not_working
My card doesn't seem to work.,card_not_working
Currently I can't get my card to work.,card_not_working
WHAT IS THE MAIN REASON OF THIS PROBLEM,card_not_working
How do I get my card to work?,card_not_working
What can I do to make my physical card work?,card_not_working
Can you tell me why I can't make any transactions?,card_not_working
There is something wrong with my card. Tried to use it a few times today in different places and it just didn't work. The transactions I tried to make were really small so not sure what's going on,card_not_working
Can you tell me whats going on with my card it seems to be not working?,card_not_working
How do I check security settings using the app?,card_not_working
I tried using my card at multiple vendors and now it's not working.,card_not_working
"Can you help me with my card, I think it's broke.",card_not_working
The card is non-functional.,card_not_working
I haven't been able to complete any transactions on my card today. Do you know what's wrong?,card_not_working
Today I used my card at a restaurant and it was declined. Why?,card_not_working
Did you deactivate my card it's not working anymore,card_not_working
Need help to get my card to work.,card_not_working
Why isn't my card working anymore?,card_not_working
Why won't my card work anymore?,card_not_working
Why won't the machine accept my card anymore?,card_not_working
When I was in a restaurant today my card was declined and payment wouldn't go through and I need help. Can you fix this?,card_not_working
What to do if my physical card is not working?,card_not_working
My card stopped working after multiple transactions. Why?,card_not_working
Why won't my card accept any transactions?,card_not_working
"I think my card is broken or something. I tried using it and it wouldn't go through, please help.",card_not_working
My card is broken,card_not_working
I tried to purchase airline tickets online this morning and my card information isn't working. Is there something going on with my account?,card_not_working
My card no longer works.,card_not_working
I seem to be unable to make any transactions.,card_not_working
I can't get my actual card to work,card_not_working
My card doesn't work when I use it.,card_not_working
What do I do if my card gets broken?,card_not_working
I am having problems with my physical card.,card_not_working
How can I get my card to work?,card_not_working
I need help with understanding why my card is not working.,card_not_working
Please help me!  My physical card isn't working right.,card_not_working
My card stopped working. How do I check if there is a freeze on it?,card_not_working
"I don't know what's wrong with my card, but it has not worked at multiple places today.",card_not_working
I need clarity on why my card is not working.,card_not_working
My card won't physically work.,card_not_working
What's going on? My card wont accept any transactions.,card_not_working
My card don't work.,card_not_working
My card won't work right now.,card_not_working
How can it be that my Card is not functioning anymore?,card_not_working
What's going on with my card? I've tried multiple times and it never goes through.,card_not_working
HOW LONG TO TAKE THE TIME TO SOLVE,card_not_working
What do I do if my card is not working?,card_not_working
What should I do if my physical card isn't working?,card_not_working
The card that I have isn't working. This is the physical card.,card_not_working
Has there been any activity on my card today?,lost_or_stolen_card
I lost my wallet and all my cards were in it.,lost_or_stolen_card
I'm panicking!  I lost my card!  Help!,lost_or_stolen_card
I need to report a stolen card,lost_or_stolen_card
How do I replace a stolen card?,lost_or_stolen_card
Can you provide information for freezing my card immediately?,lost_or_stolen_card
What's the phone number to freeze a card?,lost_or_stolen_card
I can't find my card! Can you help?,lost_or_stolen_card
"Hi, I am on vacation in Spain and someone stole my bag with my phone and wallet with cards and everything. Can you block it ASAP and then I want to order a new one also ASAP.",lost_or_stolen_card
Help! I lost my card!,lost_or_stolen_card
My card is missing.  Please help.,lost_or_stolen_card
I think that my card has been stolen!,lost_or_stolen_card
My card was stolen,lost_or_stolen_card
A fee shouldn't apply to me if my card was stolen.,lost_or_stolen_card
"My card has been stolen. I reported it with the police, but I need to report it with you as well.",lost_or_stolen_card
Can you tell me the status of my new card?,lost_or_stolen_card
My card has been stolen what do I do?,lost_or_stolen_card
"I can't find my card, it is lost.",lost_or_stolen_card
My card is lost!  Please help me!,lost_or_stolen_card
I believe that my card has been stolen!,lost_or_stolen_card
What should I do if I think my card was stolen?,lost_or_stolen_card
Can you send me a new card and block my current one. I'm in Spain and my wallet was stolen.,lost_or_stolen_card
"I thought I left my card at a restaurant, but they claim not to have it and now I don't have any idea where it is. I'm so worried that someone might be using it fraudulently. Is there any way to look into this?",lost_or_stolen_card
My bag got stolen with all my cards. Can you please cancel my card and send a new one?,lost_or_stolen_card
I think my card is stolen!,lost_or_stolen_card
"Help!  I fear that my card was stolen,",lost_or_stolen_card
Someone stole my card!,lost_or_stolen_card
Are you able to guide me to my card's location?,lost_or_stolen_card
How can I report that my card was stolen? I made a police report first.,lost_or_stolen_card
My card is missing!  Help!,lost_or_stolen_card
"My wallet was stolen, along with my cards. How do I put a freeze on my cards and order a new one?",lost_or_stolen_card
Could you please freeze my card immediately?,lost_or_stolen_card
"i need help, i lost my card",lost_or_stolen_card
What can I do if I lost my card?,lost_or_stolen_card
I think that the card is stolen.  What are my next steps?,lost_or_stolen_card
What do I do if my card is stolen?,lost_or_stolen_card
My card is stolen.  Help!,lost_or_stolen_card
I lost track of my card,lost_or_stolen_card
Report stolen card,lost_or_stolen_card
Help!  My card is stolen.,lost_or_stolen_card
"My card was lost on vacation, I don't know where it is. Can you help me take care of this immediately?",lost_or_stolen_card
I have lost my card! What is my next step?,lost_or_stolen_card
My card has been lost! help!,lost_or_stolen_card
What do I do if my card has been lost or stolen?,lost_or_stolen_card
Help Me!  I lost my card.  What should I do?,lost_or_stolen_card
Someone stole my wallet with my card in it while vacationing in Spain. I really need my card blocked and a new one ordered.,lost_or_stolen_card
Who can I speak with regarding a lost card?,lost_or_stolen_card
My card has gone missing.,lost_or_stolen_card
oh my god I lost my card! what should I do?,lost_or_stolen_card
I can't find my card!  What should I do?,lost_or_stolen_card
What is the first step that I should take after my card has been stolen?,lost_or_stolen_card
I seem to have lost my card.,lost_or_stolen_card
My card was stolen. What do I need to do?,lost_or_stolen_card
Someone took my card without permission,lost_or_stolen_card
I lost my card n need a new one.,lost_or_stolen_card
My card has been lost / stolen,lost_or_stolen_card
I misplaced my card and I dont know where the last place is where I used the card last. Can you look at my account and tell me the last place I used the card?,lost_or_stolen_card
Please help me.  My card is missing.,lost_or_stolen_card
"I lost my card, what do I do now?",lost_or_stolen_card
I need to order a new card as my other one was stolen.,lost_or_stolen_card
I think someone stole my card because I can't find it.,lost_or_stolen_card
What are the steps I need to do if I have a stolen card?,lost_or_stolen_card
I cant find my card.,lost_or_stolen_card
I think my card is lost.  What do I do?,lost_or_stolen_card
What should I do if my card is stolen?,lost_or_stolen_card
How do I deactivate a stolen card?,lost_or_stolen_card
"I want to block my card or deactivate it or something, it's been stolen and I don't want it misused. I want this handled right away.",lost_or_stolen_card
Someone took my card without my permission.,lost_or_stolen_card
Need help with a stolen card.,lost_or_stolen_card
"help, lost my card",lost_or_stolen_card
What do I do if my card was stolen.,lost_or_stolen_card
I think my wallet fell out on the Tube today! I realized as soon as I got to my desk. How do I cut off the card?,lost_or_stolen_card
My card is missing.,lost_or_stolen_card
How do I report my card as lost or stolen?,lost_or_stolen_card
Is there any way for you to find my card?,lost_or_stolen_card
I've lost my card. What can I do about that?,lost_or_stolen_card
I left my card at a restaurant and now its missing.,lost_or_stolen_card
Can you help me retrieve my card?,lost_or_stolen_card
I lost my card. Can you help me?,lost_or_stolen_card
What should I do?  My card has been stolen!,lost_or_stolen_card
My card was stolen last night.,lost_or_stolen_card
Could you assist me in finding my lost card?,lost_or_stolen_card
I am worried that too much time has gone by for a transfer to be completed.,transfer_not_received_by_recipient
What is the time frame that it usually takes for a transfer to come through? I have a friend needing it immediately but it has yet to come through.,transfer_not_received_by_recipient
My money transaction can't be seen by the person I sent it to,transfer_not_received_by_recipient
"How long does it typically take a transfer to go through?  I sent some money to a friend earlier today, and she really needs it.  It still is a pending transfer, even though I sent it a few hours ago.",transfer_not_received_by_recipient
"I have done a transfer within the country the day before yesterday, but it's still not there yet. Can you please check what's going on with that, the account number definitely is the right one, I've checked that already.",transfer_not_received_by_recipient
"I have done a transfer within the country the day before yesterday, but it's still not there yet. Can you please check what's going on with that, the account number is the right one, I've checked that several times already.",transfer_not_received_by_recipient
My money transaction hasn't arrived.,transfer_not_received_by_recipient
I sent money to a person and they haven't received the payment yet.,transfer_not_received_by_recipient
I do not know where the transaction is.,transfer_not_received_by_recipient
I transferred money but the recipient does not see the funds in their account?,transfer_not_received_by_recipient
why hasn't a transaction to a friend cleared yet?,transfer_not_received_by_recipient
The app isn't showing my transactions,transfer_not_received_by_recipient
Why isn't the recipient seeing the transaction? I just sent the money.,transfer_not_received_by_recipient
I transferred money and it didn't get there.,transfer_not_received_by_recipient
Is there a reason why a recipient might not see my money transaction,transfer_not_received_by_recipient
I don't see the transaction I made to a friend on my account.,transfer_not_received_by_recipient
why has a transaction to a friend been delayed?,transfer_not_received_by_recipient
"A transaction I did to my friend hasn't arrived yet, why?",transfer_not_received_by_recipient
Where is my last money transaction,transfer_not_received_by_recipient
I am having an issue with an in country transfer I did a few days ago. It has yet to appear in my account. I have checked to be sure that all account information is correct multiple times. What is taking the transfer so long?,transfer_not_received_by_recipient
I made a transfer the day before yesterday within this country. It is still not showing up at all. I have double-checked and the account number is certainly right. I've actually type this multiple times. can you look into what is going on here?,transfer_not_received_by_recipient
How much time do transfers typically take? I sent money to a friend who needs it urgently. It's been hours and has not gone through.,transfer_not_received_by_recipient
A transaction to a friend still hasn't shown up.,transfer_not_received_by_recipient
I sent money and the recipient has not received their money after two weeks.,transfer_not_received_by_recipient
How long will it take for my transfer to arrive?,transfer_not_received_by_recipient
Why did the funds not transfer to another recipient?,transfer_not_received_by_recipient
I sent a payment but it isn't showing up in the app,transfer_not_received_by_recipient
I tried to transfer some money and it hasn't done it yet - what's going on?,transfer_not_received_by_recipient
I made a transfer and they haven't received the money I sent them.,transfer_not_received_by_recipient
"how long does it take to transfer money, my retailer is waiting",transfer_not_received_by_recipient
"I sent money to someone but they haven't gotten it, what's going on?",transfer_not_received_by_recipient
"How long does it take for transfers to process?  I sent funds to a friend, and she says that she has not yet received anything.",transfer_not_received_by_recipient
Why hasn't the transaction I did to my friend arrive yet?,transfer_not_received_by_recipient
I sent money about 5 days ago and the recipient has not received the money yet.,transfer_not_received_by_recipient
I am just waiting on the completion of the transaction.,transfer_not_received_by_recipient
My cash transaction isn't showing on my account,transfer_not_received_by_recipient
Why hasn't my transaction arrived?,transfer_not_received_by_recipient
When are you going to transfer the money?,transfer_not_received_by_recipient
"I have moved to a new house and set up a rent payment to my landlord, it was supposed to be in her account a few days ago but it hasn't arrived.  I definitely sent it to the right place, can you confirm where the money is?",transfer_not_received_by_recipient
I need to check status as my friend hasn't got money I sent.,transfer_not_received_by_recipient
How long do transfers typically take? Is there a way of speeding the process up? My friend needs the money I sent her desperately.,transfer_not_received_by_recipient
wheres my money receipt,transfer_not_received_by_recipient
Money is not in recipients account.,transfer_not_received_by_recipient
How long does it take for money to transfer?  I sent some to a friend and it hasn't gone through yet.,transfer_not_received_by_recipient
Why hasn't the transaction I did to my friend arrived yet?,transfer_not_received_by_recipient
"How much time do transfers take? I sent money to a friend who needs it fast. It's been hours, and the money has not gone through.",transfer_not_received_by_recipient
"How long should a transfer normally take to process completely? I have a friend that needs it right away, but it's already been 2 hours and she hasn't received it.",transfer_not_received_by_recipient
My friend says he hasn't received my transaction,transfer_not_received_by_recipient
What is the length of a transaction completion?,transfer_not_received_by_recipient
I transferred some cash and it has not arrived yet.,transfer_not_received_by_recipient
I need to transfer some money to a friend who is in urgent need of some fast cash. How long will it take before she can use that money?,transfer_not_received_by_recipient
Two days ago I did a transfer to another account within the country.  It doesn't appear the transfer went through.  I have verified the account number several times.  Could you please check on this for me?,transfer_not_received_by_recipient
Where did the money transfer go?,transfer_not_received_by_recipient
When will the transaction be done?,transfer_not_received_by_recipient
I transferred some money to my mom 2 days ago and she has not received it. I double checked the information and it looks right. Can you help me?,transfer_not_received_by_recipient
Why is it taking so long for a transfer to complete!,transfer_not_received_by_recipient
Why is my transfer taking so long to complete?,transfer_not_received_by_recipient
I am just waiting for the transaction to be completed.,transfer_not_received_by_recipient
How long do I have  to wait for my transaction to be completed?,transfer_not_received_by_recipient
I did a money transaction and the recipient doesn't see it,transfer_not_received_by_recipient
Why hasn't my friend received the money i sent them yet?,transfer_not_received_by_recipient
I sent money for my rent to my landlord but she is claiming it hasn't arrived in her account  Can you trace the transfer I made to make sure it arrived so I can provide proof I sent it and that it has been deposited?,transfer_not_received_by_recipient
Why didn't my friend's transaction arrive yet?,transfer_not_received_by_recipient
Still waiting for transfer to be completed.,transfer_not_received_by_recipient
I transferred some money but it is not here yet,transfer_not_received_by_recipient
What do I do if I completed a money transfer but the recipient hasn't received it?,transfer_not_received_by_recipient
"I have done a transfer within the country a couple days ago, but it's still not there yet. Can you please check what's going on with that, the account number definitely is the right one, I've checked that several times already.",transfer_not_received_by_recipient
I'm still waiting for my transaction.,transfer_not_received_by_recipient
Why hasn't a transaction I did to my friend arrived yet?,transfer_not_received_by_recipient
I set up a payment to a new payee and sent some money but the person I'm sending it to has not received it.  Can you check where the money is?,transfer_not_received_by_recipient
My new landlord says he hasn't received the rent payment that I transferred a couple days ago. I've already checked the account numbers and they are correct. Can you tell me what's going on with this transaction that the transfer isn't showing up on my landlord's end?,transfer_not_received_by_recipient
"I can't see if the transfer I did a couple days ago is in my account yet. I double checked my info before sending, too. Can you check this?",transfer_not_received_by_recipient
My transfer has not arrived.,transfer_not_received_by_recipient
How long does it take for the transfer to go through?,transfer_not_received_by_recipient
What happens when I money transaction doesn't show up on the receiving side?,transfer_not_received_by_recipient
"I'm trying to make a payment to my new landlord. Even though the payment was sent a few days ago, it isn't clearing on their side. Can you verify that payment has been made?",transfer_not_received_by_recipient
"i've waited 2 days for a transfer to reach a retailers account, am i going to have to wait longer.",transfer_not_received_by_recipient
my friend has not got the money I sent last week.,transfer_not_received_by_recipient
Why can't the person I sent the money transfer to see it?,transfer_not_received_by_recipient
The money has not yet been placed in recipients account.,transfer_not_received_by_recipient
I'm getting concerned here.  I sent a friend some money and she isn't seeing it.  What's going on?,transfer_not_received_by_recipient
I completed I transfer the day before yesterday in this country. The transfer still is not complete. I've checked on the account number multiple times to make sure that it is the right one. Can you check to see what's going on with this?,transfer_not_received_by_recipient
"I made a transfer for my rent payment about 2 days ago, but my landlord hasn't received it yet. It shows as done on my  side, and I've double check all account numbers and they are correct. Can you verify that the transaction was actually made?",transfer_not_received_by_recipient
Why hasn't arrived yet a transaction I did to my friend?,transfer_not_received_by_recipient
I'm waiting for my transaction to complete.,transfer_not_received_by_recipient
Why hasn't my friend received the transaction?,transfer_not_received_by_recipient
I transferred money and it hasn't come yet,transfer_not_received_by_recipient
Why hasn't my son received the transfer I sent to him earlier?,transfer_not_received_by_recipient
How long do money transfers take? My friend really needs the money i sent a couple of hours ago but it's not there yet.,transfer_not_received_by_recipient
Why hasn't the money transfer arrived yet?,transfer_not_received_by_recipient
I have not received the completed transaction.,transfer_not_received_by_recipient
how long does it take for a transfer to arrive,transfer_not_received_by_recipient
How come my money hasn't shown up yet?,transfer_not_received_by_recipient
"Hello, a few days ago I transferred my rent check to my landlord, however, he is saying that it has not gone though. On my end everything looks fine and I double checked the account number. Is there anything else that could be holding up the check?",transfer_not_received_by_recipient
Why can't the recepient of my money transaction see it?,transfer_not_received_by_recipient
The recipient doesn't see the money transaction I made,transfer_not_received_by_recipient
How long will my transaction take?,transfer_not_received_by_recipient
How long should it take for a transfer to go through? I have been waiting a while.,transfer_not_received_by_recipient
"i accidentally entered in my retailers information, what should i do next",transfer_not_received_by_recipient
I transferred some cash and it didn't arrive,transfer_not_received_by_recipient
where has my transferred money gone?,transfer_not_received_by_recipient
I tried doing an in country transfer earlier this week. I thought it would be there by now but I still don't see the money. Can you check the status on my transfer?,transfer_not_received_by_recipient
Is there a reason a payment is showing complete on my side but the person who is receiving it has not gotten it?,transfer_not_received_by_recipient
I've checked multiple times to make sure the account number listed is the right one after attempting to make a transfer within the country the day before yesterday. The transfer is still not available so can you please find out what is going on?,transfer_not_received_by_recipient
I transferred some money but it hasn't arrived.,transfer_not_received_by_recipient
Why is my transaction taking so long to complete?,transfer_not_received_by_recipient
My transfer isn't in,transfer_not_received_by_recipient
I sent money to my family last Friday but they don't have it.,transfer_not_received_by_recipient
When will I get my money? It's been too long.,transfer_not_received_by_recipient
Why didn't my transfer get to the recipient?,transfer_not_received_by_recipient
I haven't received money from a transfer?,transfer_not_received_by_recipient
"I transferred a payment a couple days ago and it shows done, but it has not been received.  Could you please help me?",transfer_not_received_by_recipient
I payed my rent to my landlord a few days ago and he is saying the it never went though. Everything looks good to me and I even double checked the account number. I don't know what could be causing the confusion. Can you help me please?,transfer_not_received_by_recipient
My transaction has not been received. When are you going to process it?,transfer_not_received_by_recipient
"Hi, I sent my landlord my rent money a few days ago and while everything seems good on my end he says that he never got the money. I double checked the account number and it's correct. Can you help me figure this out?",transfer_not_received_by_recipient
My cash transaction isn't showing on my receipt,transfer_not_received_by_recipient
My transfer hasn't arrived,transfer_not_received_by_recipient
I did a money transaction and dont have a receipt,transfer_not_received_by_recipient
I have a friend who needs money as soon as possibly. If I were to transfer it how long will it take to get to her?,transfer_not_received_by_recipient
Why hasn't my friend's transaction arrive yet?,transfer_not_received_by_recipient
Hi - I have made a transaction to my new landlord but unfortunately it shows on my end but not on the landlord's end. The numbers are correct. Can you confirm when that will go through?,transfer_not_received_by_recipient
I sent money to someone but they haven't gotten it yet,transfer_not_received_by_recipient
How long will it take to receive my money from my transfer transaction?,transfer_not_received_by_recipient
My transfer didn't arrive to the recipient,transfer_not_received_by_recipient
Recipient has not received the money,transfer_not_received_by_recipient
The recipient can not locate funds.,transfer_not_received_by_recipient
Why has my transfer not arrived yet?,transfer_not_received_by_recipient
My new landlord is a lier and is trying to rip me off by saying I've not paid my rent when I have paid my rent.  What is going on?  They say the money hasn't got to them but I see it going out of my account.  Can you check that the money went to the right place?,transfer_not_received_by_recipient
I made a transfer to my friend earlier and she hasn't received it yet.  What's the hold up?,transfer_not_received_by_recipient
"|I moved out of my old house two weeks ago and cancelled my direct debit to my old landlord, this direct debit was working fine.  Now I've moved in to a new place and set up a transfer to a new landlord but it's not reached her yet, can you check it please?",transfer_not_received_by_recipient
Why is the transaction to my friend still pending?,transfer_not_received_by_recipient
"The day before yesterday, I performed a transfer within the country. It still has not completed. Can you check on that? The account number is definitely correct, as I've checked.",transfer_not_received_by_recipient
"I have checked the account information several times to be sure that it is correct, but the in country transfer I did a few days ago still has not appeared! What is the hold up?",transfer_not_received_by_recipient
"I performed a transfer within the country the day before yesterday, but it has not gone through? Can you check on that? The account number is definitely correct, as I've checked.",transfer_not_received_by_recipient
The day before yesterday I transferred funds to another account within the country.  The funds have not yet arrived.  I double and triple checked the account number and it was correct.  Why hasn't the transfer been completed yet?,transfer_not_received_by_recipient
Why doesn't the person I sent money to see that transfer yet?,transfer_not_received_by_recipient
"How long does it take for transfers to be approved?  I sent funds to my girlfriend, and she says that she has not seen any approved funds in her account.",transfer_not_received_by_recipient
How long will it be  before the person I sent money to is able to see it?,transfer_not_received_by_recipient
I'm still awaiting for the completion of the transaction.,transfer_not_received_by_recipient
What is the time for a transfer?,transfer_not_received_by_recipient
I dont see my reciept,transfer_not_received_by_recipient
Why hasn't my transaction been completed?,transfer_not_received_by_recipient
I sent some money and the account hasn't recived the transfer I made.,transfer_not_received_by_recipient
I'm still expecting the transaction to be finished,transfer_not_received_by_recipient
I transferred some money to a friend of mine who urgently needs some money right now. How long will it take to get to her?,transfer_not_received_by_recipient
"I sent a payment, but the person I sent it to says they don't have it",transfer_not_received_by_recipient
"I have done a transfer within the country the day before yesterday, but it's still not there yet. Can you please check what's going on with that, the account number definitely is the right one, I've checked that several times already.",transfer_not_received_by_recipient
"I need to verify a payment to my new landlord. I transferred the first rent payment a few days ago. While it shows on my side, the landlord is saying he hasn't received it yet. Can you verify that it has processed?",transfer_not_received_by_recipient
"I've been waiting since Friday, where is my money?",transfer_not_received_by_recipient
I sent some money but the intended recipient says it hasn't arrived,transfer_not_received_by_recipient
Could you please help me?  I made my rent payment and have double checked that I sent it to the right account.  The person receiving it says he has not received it but it shows complete on my side.,transfer_not_received_by_recipient
I just did a money transaction but its not showing they received it,transfer_not_received_by_recipient
Why hasn't my transaction arrived to my friend yet?,transfer_not_received_by_recipient
"I just transferred my friend money, but she hasn't received it yet, and it's been a few hours. Can you tell me when to expect it to go through?",transfer_not_received_by_recipient
How long will my most recent transfer take to go through? The recipient needs the money urgently.,transfer_not_received_by_recipient
My recipient hasn't received the money,transfer_not_received_by_recipient
when will my transfer arrive,transfer_not_received_by_recipient
I just sent money but the person I sent it to doesn't see it. What happened?,transfer_not_received_by_recipient
Why hasn't my transaction completed?,transfer_not_received_by_recipient
Why hasn't the transaction I did arrive yet?,transfer_not_received_by_recipient
Why isn't the transfer I made to a friend showing?,transfer_not_received_by_recipient
Why is my friend not getting a transaction arrival yet?,transfer_not_received_by_recipient
How long will a transaction to a friend take?,transfer_not_received_by_recipient
Why hasn't my in country transfer gone through yet? I confirmed the account info a couple days ago but the payment hasn't been posted yet.,transfer_not_received_by_recipient
"I completed a transfer within the UK two days ago, but it is still not showing received.  I have verified the account number is correct already.  Is there anything else I need to do or is there a problem?",transfer_not_received_by_recipient
How can I the person see my money transaction?,transfer_not_received_by_recipient
I sent a transfer to a friend that needs it urgently. It has already been 2 hours and still hasn't come through to her. How long does it normally take?,transfer_not_received_by_recipient
the money i transferred didnt arrive,transfer_not_received_by_recipient
Why is my transfer taking so long. I thought it was supposed to only take 1 day if I made a transfer to someone. Can you wee what went wrong?,transfer_not_received_by_recipient
"I sent some money to somebody a couple of hours ago, and they still have yet to receive it.  They really need the money, how much longer are they going to have to wait?",transfer_not_received_by_recipient
How long do transfers take? I sent money to a friend who needs it urgently. It's been hours and has not gone through.,transfer_not_received_by_recipient
I'm not sure why my card didn't work,declined_card_payment
My card is not working at stores.,declined_card_payment
Do you know why my card payment has been declined?,declined_card_payment
Why isn't my card working? I was pumped to use my new card but it keeps getting declined. Help please.,declined_card_payment
I could not use my card in a store.,declined_card_payment
If my card payment isn't working what do I do?,declined_card_payment
I'm not sure why the card payment didn't work.,declined_card_payment
Tell me why my card payment has been declined.,declined_card_payment
I was just shopping online for some tickets and the payment was declined by you.  Why has this happened?  I am certain I have the right amount of funds in my account.,declined_card_payment
I am very upset that i went to use my new card today and it kept getting declined. Why is this happening and what do I do to not have it declined?,declined_card_payment
What are the reasons why a card payment would be declined?,declined_card_payment
The card payment I attempted to make failed.,declined_card_payment
Why has my card been declined?,declined_card_payment
I went to use my new card today and the card was repeatedly declined. I would really like to use this card and need to know what to do about it.,declined_card_payment
"I was out today looking forward to paying with my new card, but the payment just kept getting declined. This is really sad, what's going on?",declined_card_payment
What is the reason my payment was not accepted?,declined_card_payment
"May monthly payment to Apple has been declined but I don't know why, they are going to re-try the payment and it must go through, can you tell me what is going on please?",declined_card_payment
You have declined my  payment.,declined_card_payment
Can you tell me why my card keeps getting declined every time I try to use it?,declined_card_payment
Can you tell me why my card is not working? I keep trying to use it but it keeps rejecting my payment. I am being careful and entering the info correctly but it still happens.,declined_card_payment
"Apparently, I went out today to use my new card and was informed my payment was decline. This is really embarrassing, what happen?",declined_card_payment
I NEED HELP WITH MY CARD!!!!! please. It keeps getting declined when I try to use it. I have tried a few times to use it and it keeps getting rejected. I have no idea why.,declined_card_payment
How do I check to see why my card payment was declined?,declined_card_payment
Why was my card declined in a shop?,declined_card_payment
The payment for the card did not go through,declined_card_payment
My card was rejected,declined_card_payment
I use this card all the time so why did it get declined at the store today?,declined_card_payment
I couldn't pay with my card,declined_card_payment
Why are all my card payments being declined?,declined_card_payment
I couldn't pay with card in a shop,declined_card_payment
Why is my payment declined? It looked like everything worked ok and my account was fine.,declined_card_payment
My card payment failed.,declined_card_payment
"My payment has been declined!! What's going on, I thought everything was alright and working well?",declined_card_payment
My latest payment was declined! What happened! I was told everything had been resolved and was back to working order again.,declined_card_payment
My card wasn't working in a shop,declined_card_payment
I'm sure I have enough money so why didn't the store accept my card?,declined_card_payment
Why has my payment been declined? I paid by card.,declined_card_payment
can you tell me why my card was declined?,declined_card_payment
My card didn't go through.  It doesn't make sense.  You told me that everything was ok.,declined_card_payment
Please explain why my payment was declined? I thought everything was good.,declined_card_payment
"When I use my card, it says decline?",declined_card_payment
My card payment didn't work,declined_card_payment
"I was just shopping and my payment was declined in a store!  It was very embarrassing, what is going on and when will it be fixed?",declined_card_payment
Why was my card declined?,declined_card_payment
I tried to make a purchase in the store but my card was declined.,declined_card_payment
My card payment wasn't accepted.,declined_card_payment
is there a reason that my payment didnt go through,declined_card_payment
My card payment did not go through.,declined_card_payment
Explain the payment that was declined!,declined_card_payment
Explain why my card payment wouldn't go through.,declined_card_payment
Why didn;t my payment work,declined_card_payment
My card couldn't pay in a shop.,declined_card_payment
My payment card was declined - could you tell me why?,declined_card_payment
"Hi, is everything in good standing with my card? I am receiving multiple ""decline"" messages.",declined_card_payment
Why didn't my card payment work?,declined_card_payment
My card payment didn't go through.,declined_card_payment
How can a payment be declined,declined_card_payment
The store card reader would not accept my card.,declined_card_payment
Why was my payment declined? I keep trying my card but it's not working.,declined_card_payment
My card was declined,declined_card_payment
my payment was rejected,declined_card_payment
I was wondering why my card was declined,declined_card_payment
"Please help me in this, as i was unable to make any payment by my new card,  it was getting declined repeatedly. I am not very happy with this incident.",declined_card_payment
Why did my card payment not work?,declined_card_payment
"my card payment has been declined, do you know why?",declined_card_payment
My credit card has been declined.,declined_card_payment
Why did my card payment get declined?,declined_card_payment
Why won't you accept my payment? I keep trying with this card and it's not working.,declined_card_payment
My card payment is being declined and I've tried several times.,declined_card_payment
For some reason my card payment didn't work,declined_card_payment
Why has my card declined,declined_card_payment
A shop I go to didn't let me pay.,declined_card_payment
Why did my payment fail?,declined_card_payment
Can you tell me why my card payment did not work?,declined_card_payment
My card would not work at a shop.,declined_card_payment
I could not get my card to work at a shop.,declined_card_payment
My card payment has been declined,declined_card_payment
I've tried using my card multiple times and it keeps getting declined.,declined_card_payment
My card was refused,declined_card_payment
Why is it saying my card payment is declined when I made it?,declined_card_payment
My card failed to work when I was shopping in a store,declined_card_payment
why couldn't I use my card at a store?,declined_card_payment
My card did not work at store.,declined_card_payment
Why does is payment not going through? Did my account get frozen or some other issue I don't know about. What can I do to fix this problem?,declined_card_payment
Why was my new card declined?,declined_card_payment
Why do you keep declining my payment?I tried several times with this card and it is just not working.,declined_card_payment
Why do you keep declining my payment? I tried several times already with this card and it is just not working.,declined_card_payment
Why am I being declined?,declined_card_payment
Could you explain why my card payment did not work?,declined_card_payment
"Hi, Today i have tried to make payment by my new card, but payment got declined many times. I am very disappointed, please look into this.",declined_card_payment
I don't know why my card payment did not work,declined_card_payment
"my card was refused, why?",declined_card_payment
I don't understand why my payment was declined. I thought everything was ok.,declined_card_payment
I tried to pay with my card and it didn't work,declined_card_payment
Why do you keep declining my payment?I tried several times already with this card and it is just not working.,declined_card_payment
The card payment is declined.  Please inform me why.,declined_card_payment
"My card payment has been declined, why?",declined_card_payment
Why would you decline my card?,declined_card_payment
My payment for my card is not working,declined_card_payment
Why would a card payment be declined?,declined_card_payment
I was so embarrassed. Why didn't my payment clear?,declined_card_payment
It seems like my card payment didn't work.,declined_card_payment
"I've tried many times to make a payment, but it's not going through.  What's wrong?",declined_card_payment
Why has my card been declined?  whats the deal?,declined_card_payment
For some reason my card payment hasn't worked. what can I do to look into that?,declined_card_payment
Could you please tell me why my card payment didn't work?,declined_card_payment
"my payment was rejected, do you know why?",declined_card_payment
My card payment doesn't work.,declined_card_payment
"I made a card payment, but it has been declined?",declined_card_payment
"Everything seems fine with my account, so why did it decline my payment?",declined_card_payment
"I'm not sure why my payment has been declined? Please tell me why, I thought it was all good.",declined_card_payment
My payment has been declined several times.  Can you help me?,declined_card_payment
I had a decline on my card. Why?,declined_card_payment
When I tried to pay in a store my card din't work,declined_card_payment
I was just needing to know why my card got declined,declined_card_payment
My payment was declined,declined_card_payment
Why was the payment on my card declined?,declined_card_payment
I made a card payment but it didn't work. Why not?,declined_card_payment
"I was out today looking forward to paying with my brand new card, turns out the payment just kept getting declined. This is pretty sad, what's going on?",declined_card_payment
Do you know the reason why my card payment was declined?,declined_card_payment
What is going on with it saying my card payment was declined?,declined_card_payment
"I keep trying to make a payment, but it doesn't work.",declined_card_payment
What could the reason be that my payment card was declined?,declined_card_payment
My card did not go through in a shop,declined_card_payment
Is there an issue with my card payment as it has not gone through.,declined_card_payment
Why wasn't my card payment accepted?,declined_card_payment
I keep trying to use my card to buy some things and you keep declining it. Why? I've tried multiple times to make it go through but it won't.,declined_card_payment
The card payment I made didn't work.,declined_card_payment
"I received my new card and tried using it today, just to have it show declined over and over again.  Why is this happening?",declined_card_payment
My card payment won't work.,declined_card_payment
My card payment has failed.,declined_card_payment
Whats the reason for my payment being declined? It looked like everything went through ok and my account was good.,declined_card_payment
I just got my new card and tried using it and it was declined?,declined_card_payment
"I know there's money in my account, why did my account decline me?",declined_card_payment
Why are the payments being declined on my new card?  I tried several times to use my new card to pay for my gas at the Shell station in my neighborhood.  I am very distressed about my new card not working.,declined_card_payment
Why would my card payment not work?,declined_card_payment
My card payment wasn't declined,declined_card_payment
Reason for my card to decline,declined_card_payment
Why have you declined my card payment?,declined_card_payment
My card was not accepted in a shop,declined_card_payment
I had a card payment that was declined.  Why?,declined_card_payment
How come my card payment has been declined?,declined_card_payment
"I have enough money in my account, so why is my card being declined?",declined_card_payment
Can you please advise if there is something wrong with my card? I have had multiple rejections and do not know the reason. Thanks!,declined_card_payment
"Card payment was declined, do you know why?",declined_card_payment
I've tried several times to make a payment and every time my card is declined? Could my card be locked? I don't know what to do.,declined_card_payment
"I had a problem with my card payment, can you help?",declined_card_payment
I tried to used my card in a shop and the transaction was declined.,declined_card_payment
"I was out today looking forward to paying with my new card, turns out the payment kept getting declined. This is really sad, what's going on?",declined_card_payment
Card payment didn't go through.,declined_card_payment
Please help to explain to me why my new card was declined when I tried to use it at my grocery store this morning to pay for the items I needed.  I tried three times to use it and it kept being declined.  I was very embarrassed standing there trying to buy my groceries.,declined_card_payment
My card payment was not successful.,declined_card_payment
Tell me why my card payment was declined.,declined_card_payment
A transaction shows duplicate times.,transaction_charged_twice
There is a repeat charge for the same item,transaction_charged_twice
How can I fix this?  There is a double charge on my account.,transaction_charged_twice
My card got charged twice for the same thing!,transaction_charged_twice
"My husband and I went out for our weekly ""dinner and a movie,"" and it was my turn to pick up the check. Now I see that my card was charged twice. Who should I contact about negating the second charge and getting my card credited?",transaction_charged_twice
How do I query a payment on my card? It looks like I have paid for the same thing twice.,transaction_charged_twice
I have duplicated transactions on my statement,transaction_charged_twice
"I only made one transaction at this place, but it's appearing multiple times.",transaction_charged_twice
"One of my charges was declined, but the second one went through.  But I notice on my App that one of them has gone through, and the other one is still pending.  Please ensure that only one charge is processed. Thanks",transaction_charged_twice
What do I do if I've been charged twice for the same transaction?,transaction_charged_twice
"I think I was charged twice, please help!",transaction_charged_twice
I think there is a mistake.  I am being charged twice.,transaction_charged_twice
"My transaction history is looking a little off. I have been charged twice for multiple different purchases, and would like to have those duplicate charges refunded.",transaction_charged_twice
I was charged for the same thing twice,transaction_charged_twice
My account was charged twice for one purchase,transaction_charged_twice
"I was charged twice for a restaurant, can you take the second charge off?",transaction_charged_twice
I have a transaction that shows multiple times.,transaction_charged_twice
What happens when I am charged twice?,transaction_charged_twice
I have been charged twice for the same transaction.,transaction_charged_twice
How do I get my money back for a duplicated charge?,transaction_charged_twice
I have a duplicate payment on my card.,transaction_charged_twice
Several items I have charged this week are appearing twice.  Please review my statement and remove any duplicate charges.,transaction_charged_twice
I have a transaction showing multiple times.,transaction_charged_twice
"Hi, I just looked at my card transactions and saw that I've been charged twice for a restaurant I went to this week. Can you remove the double charge, please?",transaction_charged_twice
I have been double charged,transaction_charged_twice
I was double charged at a restaurant can you take the second charge off?,transaction_charged_twice
I have a duplicate charge,transaction_charged_twice
I got charged two times for a transaction,transaction_charged_twice
What happens with the duplicate charge in my account?,transaction_charged_twice
Why have I been charged twice?,transaction_charged_twice
I have two of the same charges on my account!,transaction_charged_twice
Why am I being charged for the same thing twice?,transaction_charged_twice
Who do I talk to for transactions debited twice?,transaction_charged_twice
There is a duplicate charge on my account.,transaction_charged_twice
I have been charged twice this week for a couple of things on my card. Can you please check this out for me and return the double charged items back?,transaction_charged_twice
I got charged twice for the same payment. Please removed the pending payment. Thank you.,transaction_charged_twice
I think I got charged twice for the same thing,transaction_charged_twice
It looks like I was charged twice for a single transaction,transaction_charged_twice
"I had a duplicate card and bought something and it showed up twice. I canceled my card, how do I get my money back?",transaction_charged_twice
There is a transaction showing up several times.,transaction_charged_twice
Transaction showing up many times.,transaction_charged_twice
"Looks like my card payment was made twice by mistake. I went to pay at the store earlier which rejected once, second time it worked. App is on pending for one of the payments. Can you please remove one of them as it's wrong and clearly was declined?",transaction_charged_twice
Please tell me why the same transaction is showing up on my account more than once.,transaction_charged_twice
I have duplicate charges for the same transaction,transaction_charged_twice
I got double charged!,transaction_charged_twice
"Looks like my card payment was duplicated after all. I went to pay at the store earlier, got declined once, second time it works. App still stays pending for one of the payments. Can you please remove one of them as it's wrong and clearly was declined?",transaction_charged_twice
There are two of the same charges on my account.,transaction_charged_twice
"Hello, I just checked my card transactions and saw that I was charged twice for a restaurant visit I did earlier this week. Is it possible to remove one of them and get my false paid money pack?",transaction_charged_twice
"I'm really concerned because I only made one transaction, but it's appearing multiple times.",transaction_charged_twice
"Hello,  I am a college student who I recently attended my high school reunion at a local restaurant. I paid with my credit card and now my transaction history reflects a second charge of the seemingly same payment. What could be the reason for this?  Is there any way to have the fraudulent  payment credited back onto my card?",transaction_charged_twice
I was charged twice for an in-store purchase that I thought was declined.  My App says that it's still pending for one of the payments. Please make sure one of the charges is removed.,transaction_charged_twice
"Good day, in reviewing my credit card activity over the last several days, I see a repeated charge for a restaurant that I went to. The charge was put through twice, so I would like one of the charges corrected and the amount that was withdrawn to be reinstated please.",transaction_charged_twice
Why do I have duplicate transactions for one purchase?,transaction_charged_twice
I have a payment that shows twice,transaction_charged_twice
I have been overcharged.,transaction_charged_twice
I have noticed that my account was double charged for a couple of items this week. Please review and refund the double charged items back.,transaction_charged_twice
Why was I double charged?,transaction_charged_twice
There's a duplicate charge on my account?,transaction_charged_twice
Why does the same transaction appear multiple times?,transaction_charged_twice
Why did I get charged twice for the same thing,transaction_charged_twice
I have been charged two times for one transaction.,transaction_charged_twice
Duplicate transactions appear on my account,transaction_charged_twice
I made a payment and it is showing up twice,transaction_charged_twice
I was charged several times for something,transaction_charged_twice
My card is showing the same transaction over and over again.,transaction_charged_twice
A transaction is showing more than once.,transaction_charged_twice
I was charged multiple times at the same location at the same time,transaction_charged_twice
Hello. I checked my transactions and saw I was double charged for a restaurant visit. Can I get my money back?,transaction_charged_twice
"Hi, I was at a restaurant later the week and when I went to look at my account I noticed that I got charged twice. I would like to get my money back from one of those transactions.",transaction_charged_twice
I was charged twice.,transaction_charged_twice
I was charged twice for the same purchase!,transaction_charged_twice
I was charged multiple times for one transaction.,transaction_charged_twice
I got charged twice with a duplicate card. How do I resolve this?,transaction_charged_twice
I was charged more than once for a card payment I made.,transaction_charged_twice
there were two of the same charge to my account,transaction_charged_twice
I was charged more than once in a single transaction,transaction_charged_twice
You charged me more than once for the same transaction!,transaction_charged_twice
Why do I have a transaction showing up more than once?,transaction_charged_twice
Why was I charged twice for my item!,transaction_charged_twice
My account is showing a double charge.,transaction_charged_twice
Why did my card get charged twice for a transaction?,transaction_charged_twice
Why am I being charged again?,transaction_charged_twice
"I was charged twice, when I didn't purchase anything twice.",transaction_charged_twice
One of my payments was doubled,transaction_charged_twice
I think I was double charged,transaction_charged_twice
"I should only have one charge, but it shows two.",transaction_charged_twice
"My account shows I have been charged twice for the same meal. How do I get the second payment voided and returned to me? I do not eat out much and my family is living paycheck to paycheck,  mostly. I cannot afford to spend more money than necessary, as is, so I must see to it that the cost be promptly credited back onto my card.",transaction_charged_twice
What do I do if I have been charged twice?,transaction_charged_twice
I was charged two times for the same thing.,transaction_charged_twice
"Hi, I was looking over my card receipts for the past week and I realize I had a charge put through two times for the same single restaurant visit. Can one of the charges be removed so that I can get the money back that was mistakenly taken from my account?",transaction_charged_twice
Can you help me? I have a duplicate transaction on my account and I don't understand why.,transaction_charged_twice
Why does a payment show up twice?,transaction_charged_twice
There is the same transaction showing more than once.,transaction_charged_twice
Why am i being double charged for something?,transaction_charged_twice
I see a duplicate payment.,transaction_charged_twice
Will the duplicated payment be refunded?,transaction_charged_twice
I have been charged twice on my statement.,transaction_charged_twice
I am concerned that I am being doubled charged for several items purchased in the past week.  Please review my statement and correct.,transaction_charged_twice
"I went to the store and tried to make a purchase.  The first time, it was declined, but the second one went through.  But my App shows me that I've already been charged once and the second charge is still pending.  Can you make sure that I'm not charged twice?",transaction_charged_twice
Why was I charged twice?,transaction_charged_twice
I was charged multiple times for one purchase,transaction_charged_twice
Why have I been charged more than once for the same transaction?,transaction_charged_twice
"Hi, I was just checking over my card transactions and notice I was charged twice for a restaurant visit this week. Can you please remove one of these false charges from my account?",transaction_charged_twice
Please delete the duplicate payment that was made to my account. One payment is still pending and I do not want to pay twice.,transaction_charged_twice
A payment is showing twice. Why is that?,transaction_charged_twice
"Hello, I was just went through my recent transaction on my bank account and I just noticed that I was charged twice at a place that ate at this past week. Can I get that second transaction removed from my account?",transaction_charged_twice
I received duplicate charges.,transaction_charged_twice
Why am I getting double charged for multiple transactions?,transaction_charged_twice
After taking over my card transactions I noticed that was charged twice for a restaurant purchased from earlier this week. Can you please remove one of these transactions from my account since it is not accurate?,transaction_charged_twice
I made a payment and it appears it is showing twice,transaction_charged_twice
"Looks like my card payment was duplicated after all. I went to pay at the store earlier, got declined once,second time it works. App still stays pending for one of the payments. Can you remove one of them as it's wrong and clearly was declined?",transaction_charged_twice
I noticed that my card was charged more than once for one thing.,transaction_charged_twice
"I got double charged from something, what can I do?",transaction_charged_twice
"Hi, I checked my transactions and saw that I was charged twice during a restaurant visit. I would like to get my money back.",transaction_charged_twice
Why did I get charged more than once?,transaction_charged_twice
Why do I have a transaction showing multiple times?,transaction_charged_twice
"Help, I was charged twice!",transaction_charged_twice
Hi. Please can you help me fix a double charge on my card? I'm looking at my transactions and this restaurant I went to earlier in the week has charged me twice! Please remove the additional charge for me.,transaction_charged_twice
There is a duplicate payment on my card. Why?,transaction_charged_twice
To many charges on my card how do I go about fixing that?,transaction_charged_twice
There are two of the same charge on my statement.,transaction_charged_twice
My statement shows different transaction times.,transaction_charged_twice
I have a transaction showing up multiple times.,transaction_charged_twice
My card is showing multiple charges for the same items on my recent statement. I was wondering what actions of needed to take to fix this issue,transaction_charged_twice
My card was declined but it shows as multiple charges?,transaction_charged_twice
It appears as though my card payment was duplicated. I paid at the store earlier today. The first time it was declined and the second time it worked. The app is still showing one of the payments to be pending. Please take one of these off because clearly the first was declined and is not correct.,transaction_charged_twice
What do I do if a transaction shows up twice?,transaction_charged_twice
Hi. I noticed I have a duplicate charge which I have not made twice. Who should I talk to take care of this?,transaction_charged_twice
There is a payment that I was charged two times for.,transaction_charged_twice
I got charged in double and want a refund,transaction_charged_twice
I have multiple of the same transaction,transaction_charged_twice
There is more than one charge on my account for a transaction.,transaction_charged_twice
I need a transaction reversed from my account.,transaction_charged_twice
"It seems my card payment was completed twice. I paid at the store previously and the first one did not seem to go through. After a second attempt, it did go through. I now see within the app that I have been charged twice with one of them pending. Can you please remove the pending amount because it is clearly something that was declined?",transaction_charged_twice
I have been charged for one thing two times.,transaction_charged_twice
How come there is a duplicate charge on my card?,transaction_charged_twice
Why was I charged twice for the same thing?,transaction_charged_twice
I have a duplicate payment on my account,transaction_charged_twice
Why does my statement show various transaction times?,transaction_charged_twice
Why are there multiple transactions showing for one purchase?,transaction_charged_twice
I was double-charged for a transaction,transaction_charged_twice
Why do I have two charges It should only be one charge?,transaction_charged_twice
My bill shows the same charge more than once,transaction_charged_twice
"I went for a meal in Seattle and paid the bill but I think they charged me twice, the first time they swiped the card I got a notification to say the money had gone out the account but then I added a tip and I think they swiped it all again. Can you refund one of the charges?",transaction_charged_twice
A transaction posted twice to my account.,transaction_charged_twice
I noticed a duplicate charge on my statement.,transaction_charged_twice
"Hey there, I just went through my most recent credit card payments and I notice the same charge for a restaurant was processed twice. There was only one meal at this place, so I would like one of the charges to be reversed and my money to be put back in the account.",transaction_charged_twice
I was charged twice for the same thing.,transaction_charged_twice
Is there a reason to why I was charged twice for a transaction?,transaction_charged_twice
There are duplicate transactions on my account,transaction_charged_twice
My transaction is showing several times.,transaction_charged_twice
"Looks like my card payment was made two time by mistake. I went to pay at the store earlier which rejected once, second time it worked. App is on pending for one of the payments. Can you please remove one of them as it's wrong and clearly was declined?",transaction_charged_twice
"In reviewing my statement, I show I have two charges for the same purchase at the same time, which I have not made in duplicate? How do I get this solved?",transaction_charged_twice
"Looks like my card payment was made twice by mistake. I paid at the store earlier which rejected once, second time it worked. App stays at pending for one of the payments. Can you please remove one of them as it's wrong and clearly was declined?",transaction_charged_twice
"Looks like my card payment was duplicated after all. I went to pay at the store earlier, got declined once,second time it works. App still stays pending for one of the payments. Can you please remove one of them as it's wrong and was declined?",transaction_charged_twice
I was charged twice for a few things this week when I only bought one. What do I do?,transaction_charged_twice
"I have been double charged for a couple of things this week, and would appreciate a refund for the duplicate charges.",transaction_charged_twice
How do a reverse a duplicated charge?,transaction_charged_twice
The first payment I attempted for my card at the store earlier did not process so I had to make a second attempt. The second time it worked. It now appears I was charged twice. After looking at the app I see a pending charge. Please remove the pending amount because it is clearly not accurate and was declined.,transaction_charged_twice
I've got a repeated tranasaction on my card.,transaction_charged_twice
I got charged twice,transaction_charged_twice
I have a transaction showing up more than once.,transaction_charged_twice
Can you explain the various transaction times shown on my statement?,transaction_charged_twice
I was charged too many times for one transaction.,transaction_charged_twice
Who should I talk to or go to resolve a duplicate charge on my statement?,transaction_charged_twice
Why was I charged twice for the same transaction?,transaction_charged_twice
Looking at my statement I see that I was double charged for a payment I made.,transaction_charged_twice
I have been charged twice for the same thing!,transaction_charged_twice
I think I was charged double for something I bought - how long should I wait before reporting this?,transaction_charged_twice
Why is there a payment showing twice?,transaction_charged_twice
A duplicated payment was made for something.,transaction_charged_twice
Why is there are there two of the same transaction?,transaction_charged_twice
My account seems a bit off and getting weird charges.,transaction_charged_twice
I have have multiple charges for one transaction.,transaction_charged_twice
Hello. I just noticed I was charged two times for a restaurant I visited this week. Can you reverse the additional charge?,transaction_charged_twice
I looked on the app and it says I withdrew cash.  I didn't!,cash_withdrawal_not_recognised
I didn't withdraw the amount of cash that is showing up in the app.,cash_withdrawal_not_recognised
"I saw on the app that a cash withdrawal was completed on my account; however, I did not complete it.",cash_withdrawal_not_recognised
I got a notice from my app that I withdrew cash but I don't remember doing so. How do I fix this?,cash_withdrawal_not_recognised
"Someone has a copy of my card !! I definitely still have it here but someone just made a 500£ cash withdrawal, HELP!",cash_withdrawal_not_recognised
Why do I see a random withdrawal in my app?,cash_withdrawal_not_recognised
"Hello, Please look into this matter urgently. As i have lost my wallet and i can see one withdrawal, now i do not want to loose more money.",cash_withdrawal_not_recognised
"Someone has a copy of my card. I have my card with me, but someone just made a 500£ cash withdrawal. Help me.",cash_withdrawal_not_recognised
There is a withdrawal on my account that I don't remember initiating.,cash_withdrawal_not_recognised
"I got a message saying I made a withdrawal from the bank machine, but I did not.",cash_withdrawal_not_recognised
"Someone has copied my card. I have my card with me, but someone just made a 500£ cash withdrawal. Please help now.",cash_withdrawal_not_recognised
"help, I see money missing I didn't take out.",cash_withdrawal_not_recognised
My wallet was taken and I see that someone is using my card!   Please help me!,cash_withdrawal_not_recognised
I see cash withdrawal activity in the app that is not mine.,cash_withdrawal_not_recognised
There is a withdrawal on my account I didn't make.,cash_withdrawal_not_recognised
"A 500 pound cash withdrawal was just made from my account, but I didn't make it. I am pretty sure my card has been compromised - can you help me?",cash_withdrawal_not_recognised
I just lost my wallet and I think someone is using my card to withdraw my money. Can you please cancel or freeze my card?!!,cash_withdrawal_not_recognised
The app is showing a cash withdrawal that I didn't make.,cash_withdrawal_not_recognised
What is this witdrawal,cash_withdrawal_not_recognised
There's a cash withdrawal I didn't make,cash_withdrawal_not_recognised
I think someone stole money from my card,cash_withdrawal_not_recognised
I have a cash withdrawal on my statement that I am unsure of.,cash_withdrawal_not_recognised
The app says I got cash from an ATM but I didn't,cash_withdrawal_not_recognised
I see money go out that I didn't withdraw.,cash_withdrawal_not_recognised
I lost my wallet and I think someone is withdrawing cash with my card. Please help. It is urgent.,cash_withdrawal_not_recognised
Somebody stole my wallet and is using my card! Can you do something so they can't keep taking my money?,cash_withdrawal_not_recognised
"Help! I think someone has a copy of my card - I still have my card, but a five hundred pound cash withdrawal that I didn't authorize is shown on my account.",cash_withdrawal_not_recognised
I believe my card has been compromised as there's a cash withdrawal I don't recognize.,cash_withdrawal_not_recognised
I was checking my account when I saw a $500 cash withdraw that I know I didn't do.  I have my card so I don't understand how this happened.  Please help me.,cash_withdrawal_not_recognised
"Hi, Could you please help me as someone has stolen my wallet few hours ago. And a withdrawal is made, please help immediately. As i don't want to suffer more.",cash_withdrawal_not_recognised
What should I do if I see an unauthorized withdrawal on my statement?,cash_withdrawal_not_recognised
"A WD was just made on my account, but it was not me and I still have my card.  What to do?",cash_withdrawal_not_recognised
Why is there extra cash in my account?,cash_withdrawal_not_recognised
What is this cash withdrawal I don't recognize?,cash_withdrawal_not_recognised
I believe my card has been compromised as there are funds showing that I did not receive.,cash_withdrawal_not_recognised
THere is some cash that is showing up on my app.,cash_withdrawal_not_recognised
My wallet was just stolen and I see my account already has a withdrawal. Can you please help me.,cash_withdrawal_not_recognised
Somebody made a withdrawal from my account for 500. I have my card so how can this be? Does somebody have a duplicate card or something? Help please.,cash_withdrawal_not_recognised
There is a cash withdrawal from an ATM listed but I don't remember making this withdrawal.,cash_withdrawal_not_recognised
I saw there is a cash withdrawal from my account via the app which I did not complete.,cash_withdrawal_not_recognised
The app says I made a cash withdrawal even though I didn't.,cash_withdrawal_not_recognised
What is this cash withdrawal on my statement?,cash_withdrawal_not_recognised
My app shows cash I didn't get.,cash_withdrawal_not_recognised
I see non-received cash in my app.,cash_withdrawal_not_recognised
The app is saying I made a withdrawl but I didn't.,cash_withdrawal_not_recognised
I see cash in my app but I did not get it.,cash_withdrawal_not_recognised
My app statement shows I took out cash from an ATM but I did not. What can I do?,cash_withdrawal_not_recognised
I think someone may have cloned my card or something.  My card isn't lost but I just saw a charge of $500 cash withdraw.  Can you help me?,cash_withdrawal_not_recognised
My card shows a cash withdrawal I don't recognize.,cash_withdrawal_not_recognised
I got a strange cash withdrawal in my statement,cash_withdrawal_not_recognised
Help! I just realised someone has apparently withdrawn money using my card! It's from some odd remote town where I definitely haven't been. Please freeze it immediately!,cash_withdrawal_not_recognised
My app is showing a cash balance that I did not receive.,cash_withdrawal_not_recognised
Help!  The app has an ATM withdrawl that I didn't make.,cash_withdrawal_not_recognised
"I am seeing in the app, some cash witdhrawals that I did not authorize.",cash_withdrawal_not_recognised
Some cash shows up on my app.,cash_withdrawal_not_recognised
"I am seeing unathorized transactions in the app, on my account.",cash_withdrawal_not_recognised
I AM MISSING CASH FROM MY BANK ACCOUNT ACCORDING TO MY APP,cash_withdrawal_not_recognised
There are funds in my app that I did not receive.,cash_withdrawal_not_recognised
A cash withdrawal has been done that I didn't do.,cash_withdrawal_not_recognised
I do not know what this cash withdrawal is,cash_withdrawal_not_recognised
There is unexpected money in my account.,cash_withdrawal_not_recognised
I see a cash withdrawal in the app that I did not do.,cash_withdrawal_not_recognised
Someone stole my wallet a couple of hours ago now and they have taken money from my account. Is there any way that you can help so I won't lose any more of my money.,cash_withdrawal_not_recognised
"Hi, It's urgent, please freeze my card. As someone has withdrawn money using my card in odd remote town. Since i have not done this withdrawal. Do it fast.",cash_withdrawal_not_recognised
The app says that I got cash in an ATM and I didn't,cash_withdrawal_not_recognised
Please help me figure out the reason for the odd withdrawal amount from my account?,cash_withdrawal_not_recognised
What do I do if I do not recognise a cash withdrawal?,cash_withdrawal_not_recognised
I hope you can help me. Someone has stolen my wallet and now I have noticed that they have been taking money from my account.,cash_withdrawal_not_recognised
"There was money taken out of my account, and I'm pretty sure I didn't do it.",cash_withdrawal_not_recognised
I was the victim of someone stealing my wallet.  My card is being used and it isn't me.  What should I do?,cash_withdrawal_not_recognised
I think there's been an unauthorized cash withdrawal from my account.,cash_withdrawal_not_recognised
What do I do if I see a cash withdrawal on my account that I don't remember making?,cash_withdrawal_not_recognised
I am seeing inside the App a some cash withdrawal that is not mine,cash_withdrawal_not_recognised
My app shows a money withdrawal that I did not do.,cash_withdrawal_not_recognised
"I was trying to use my card and it was declined, when I tried to find out what happened I found cash withdraw for $500 that I didn't do.  Can you please help figure this out?",cash_withdrawal_not_recognised
I believe my card has been compromised because of a strange withdrawal,cash_withdrawal_not_recognised
There is money missing from my account.,cash_withdrawal_not_recognised
"According to the app, I got cash from an ATM but I haven't made any transactions.",cash_withdrawal_not_recognised
It is urgency. Please freeze my card now. As someone in some odd remote town has withdrawn some money by using my card. As i did not withdraw any money.,cash_withdrawal_not_recognised
I am confused why there is cash I did not accept in my account,cash_withdrawal_not_recognised
I hope you can help me. My account has been compromised from a different town that I haven't been to. Can you please place a hold on my account until I can make it to the bank?,cash_withdrawal_not_recognised
There is a cash withdrawal in my account that isn't mine.,cash_withdrawal_not_recognised
There is a cash withdrawal on my statement that I did not make,cash_withdrawal_not_recognised
I am seeing in the App a some cash withdrawal that does not belong to me,cash_withdrawal_not_recognised
"My bank app said that I got cash from an ATM, but that's a mistake.",cash_withdrawal_not_recognised
"In the app, I see a withdrawal I didn't make.",cash_withdrawal_not_recognised
"There are incorrect charges on my account, there was a WD that was made by someone else.  I still have my card though.",cash_withdrawal_not_recognised
I did not get the cash that is showing up in my app.,cash_withdrawal_not_recognised
"Someone withdrew money from my account, and it wasn't me.",cash_withdrawal_not_recognised
there is money in my account that i didnt put there,cash_withdrawal_not_recognised
Somebody is taking money out of my account without my approval in another town separate from me. Please place a freeze on my account until I can make it to the bank.,cash_withdrawal_not_recognised
My app says I withdraw money from my account from an ATM.,cash_withdrawal_not_recognised
Can you tell me what the cash withdrawal is in my statement?,cash_withdrawal_not_recognised
My identity has been stolen. I still have my physical card but there are charges I didn't make on my account. How do I cancel this card or dispute the charges?,cash_withdrawal_not_recognised
"There was just a withdrawal but it wasn't me, I've never even visited the town where the withdrawal happened.",cash_withdrawal_not_recognised
"I am using the app, and I see cash withdrawals that I did not authorize.",cash_withdrawal_not_recognised
I did not make a cash withdrawal that is on my statement,cash_withdrawal_not_recognised
The app shows a withdrawal that I did not make or authorize.,cash_withdrawal_not_recognised
"Money was taken out without my consent,",cash_withdrawal_not_recognised
I don't recognize this withdrawal on my statement,cash_withdrawal_not_recognised
How do I report a cash withdrawal that wasn't me?,cash_withdrawal_not_recognised
Why is there some cash that I did not deposit in my account?,cash_withdrawal_not_recognised
There's an unauthorized cash withdraw,cash_withdrawal_not_recognised
Help!  The app says I took out cash but I didn't!,cash_withdrawal_not_recognised
"Hello, Just now i got to know withdrawal of money from of my account. As someone used my card to withdraw amount in any odd remote area. Since i have not been in that area, please freeze my card immediately.",cash_withdrawal_not_recognised
There has a recent suspicious withdrawal on my bank account. Is it possible to freeze my card?,cash_withdrawal_not_recognised
There's a cash withdrawal that  didn't make that is showing up.,cash_withdrawal_not_recognised
I see an unauthorized withdraw.,cash_withdrawal_not_recognised
I am seeing in the App a some cash withdrawal that I did not do,cash_withdrawal_not_recognised
I think somebody made an unauthorized copy of my card.  My account has a cash withdrawal for 500£ that I did not make.  Please help.,cash_withdrawal_not_recognised
My account shows that I made a cash withdrawal but I cannot remember doing so!,cash_withdrawal_not_recognised
"Someone is using my card to purchase flights to New York it's not me because I'm not going to New York, please can you cancel the card and refund the money?",cash_withdrawal_not_recognised
I noticed that there is a withdrawal in the app that is not mine.,cash_withdrawal_not_recognised
"Some cash was withdrawn in the app, but I did not do it.",cash_withdrawal_not_recognised
My wallet got stolen a couple hours ago and now I've seen there already is a withdrawal. Help this is absolutely urgent I don't want to loose more money,cash_withdrawal_not_recognised
A withdrawal is showing that I don't recognize,cash_withdrawal_not_recognised
There's a cash withdrawal I am certain I did not make,cash_withdrawal_not_recognised
What is this withdrawal as I do not remember making it.,cash_withdrawal_not_recognised
I have my card here with me and someone has just made a withdrawal for 500. Please help!,cash_withdrawal_not_recognised
I have a cash withdrawal that I do not recognise.,cash_withdrawal_not_recognised
Someone else used my card to withdraw cash from an ATM,cash_withdrawal_not_recognised
Some cash has been withdrawn but I didn't do it.,cash_withdrawal_not_recognised
I want my card frozen right away. Money was taken out in an odd location I have never heard of.,cash_withdrawal_not_recognised
I need my card frozen cause it was used without my consent to take money out. It was in an odd place.,cash_withdrawal_not_recognised
There's a $200 withdrawal on my statement that seems fishy to me.,cash_withdrawal_not_recognised
There's a cash withdrawal on my account that I didn't make,cash_withdrawal_not_recognised
Why is there a cash withdrawal I didn't make?,cash_withdrawal_not_recognised
The app says I made a cash withdrawal that I didn't make,cash_withdrawal_not_recognised
Help! I think someone has made a cash withdrawal with my card!,cash_withdrawal_not_recognised
What do I do when a charge has been made that I did not make?,cash_withdrawal_not_recognised
I need your help immediately.  There is a 500£ cash withdrawal that I know nothing about.  I think my account has become compromised.,cash_withdrawal_not_recognised
Can you tell me what this cash withdrawal is?,cash_withdrawal_not_recognised
How can I verify if a cash withdrawal was made from my account? I still have my card with me but I did not authorize the withdrawal that just occurred.,cash_withdrawal_not_recognised
"I think someone might have a copy of my card because a 500 dollar withdrawal was made, and it wasn't me. Can you please help?",cash_withdrawal_not_recognised
"Someone has access to my card info.  I still have the card, but someone just withdrew cash.  How do I get this corrected/stopped?!",cash_withdrawal_not_recognised
Why is my app showing me taking money that I did not take out?,cash_withdrawal_not_recognised
"I see in the app some cash was withdrawn, but it's not mine.",cash_withdrawal_not_recognised
There is a withdrawal in my account I didn't make.,cash_withdrawal_not_recognised
What is the strange cash withdrawal on my statement?,cash_withdrawal_not_recognised
Why would the app show a withdrawal that I did not make?,cash_withdrawal_not_recognised
I have a cash withdrawal in my statement. Why is that?,cash_withdrawal_not_recognised
i didnt put that money in my account,cash_withdrawal_not_recognised
Some cash withdrawal that I didn't make showed up in the app.,cash_withdrawal_not_recognised
There is a cash withdrawl I don't remember.,cash_withdrawal_not_recognised
"Someone stole my account, there's a withdrawal but it wasn't me, can we put a stop to it please?",cash_withdrawal_not_recognised
There are funds showing in my app that I did not receive.,cash_withdrawal_not_recognised
I didn't withdraw cash but I see that transaction on my app,cash_withdrawal_not_recognised
I have a cash withdrawal that I don't recognize.,cash_withdrawal_not_recognised
"My wallet was just stolen, and they've already used my card! Please help, I can't afford to lose more money!",cash_withdrawal_not_recognised
"Please help me, its urgent. Someone has withdrawn money from my account as few hours before my wallet has been. Now i want to stop withdrawal of more money.",cash_withdrawal_not_recognised
Help!  There is a cash withdrawl on the account that I didn't make!,cash_withdrawal_not_recognised
There is a cash withdrawal on my statement that I don't recognize,cash_withdrawal_not_recognised
The app is showing mt withdrawals that aren't  mine.,cash_withdrawal_not_recognised
"My app says I made a withdrawal, but I didn't.",cash_withdrawal_not_recognised
There is random cash in my account.,cash_withdrawal_not_recognised
A cash withdrawal that I didn't authorize is shown on my account - can you please cancel my card as soon as possible?,cash_withdrawal_not_recognised
Cash I did not get showed up in my account,cash_withdrawal_not_recognised
My app says I withdraw funds from my account through an ATM.,cash_withdrawal_not_recognised
"There has been an unusual withdrawal from my account, can you help?",cash_withdrawal_not_recognised
Some cash I didn't get shows in my app,cash_withdrawal_not_recognised
Why is there a charge when I took out money?,cash_withdrawal_charge
Why have I been charged a fee for cash withdrawal?,cash_withdrawal_charge
I made a cash withdrawl and there is a charge.  What is this?,cash_withdrawal_charge
I am inquiring about why there was an extra fee charged when I used an ATM.,cash_withdrawal_charge
Why am I being charged extra when I withdrew money?,cash_withdrawal_charge
Why am I charged to get money from the ATM?,cash_withdrawal_charge
I saw I was charged extra for money I withdrew?,cash_withdrawal_charge
Is there an extra fee for using an ATM?,cash_withdrawal_charge
Why did they take more money out then I withdrawed?,cash_withdrawal_charge
I withdrew cash and was charged,cash_withdrawal_charge
why has a cash withdrawal charged me?,cash_withdrawal_charge
I was charged for getting cash.,cash_withdrawal_charge
"Hello, I have a question concerning an unfamiliar fee that I notice on my account. I see that you guys charge for ATM withdrawal. Never notice this fee until now. Can you please explain?",cash_withdrawal_charge
Why am I charged a fee for withdrawing cash?,cash_withdrawal_charge
Why was there a fee for my cash withdrawal?,cash_withdrawal_charge
I don't understand why I was charged extra for withdrawing money?,cash_withdrawal_charge
I made a transaction at an atm and was charged extra for it.,cash_withdrawal_charge
"I was charged extra when I made a cash withdraw, why?",cash_withdrawal_charge
Why was I charged for cash withdrawal?,cash_withdrawal_charge
Why was there a fee on my cash withdrawal?,cash_withdrawal_charge
Why was I charged for a cash withdrawal at the ATM?,cash_withdrawal_charge
Since when do you charge to make a withdrawal? I've always done it for free. So how much is it now?,cash_withdrawal_charge
WHY IS THERE AN EXTRA FEE FOR USING THE ATM??!!!,cash_withdrawal_charge
Is the fee with my cash withdrawal a mistake?,cash_withdrawal_charge
Why did using an ATM cause me to have an extra fee charged?,cash_withdrawal_charge
"Why am I being charged for ATM cash withdrawals? The only reason I use it is because it's been free! Now you expect me to pay for them, and how much is that going to cost me?",cash_withdrawal_charge
Why was my account assessed a fee for an ATM transaction?,cash_withdrawal_charge
Why am I being charged for ATM fees?,cash_withdrawal_charge
Why have I been charged for pulling cash out of my own account?,cash_withdrawal_charge
Why was i charged for making a withdrawal? After i went grocery shopping i withdrew some money from my account and now there is another charge.,cash_withdrawal_charge
Do you charge for making a withdrawal? I took some money out of my account earlier and I was charged for this.,cash_withdrawal_charge
"So, I was just charged for my recent ATM withdrawal and any withdrawal prior to this has been free. What is the issue here?",cash_withdrawal_charge
Why was I charged an extra fee when using an ATM?,cash_withdrawal_charge
When I got cash I was charged an extra fee!  Explain!,cash_withdrawal_charge
"I am not supposed to be charged a cash withdrawal fee, but I was.",cash_withdrawal_charge
I have a question about fee for cash withdraw.,cash_withdrawal_charge
Could you explain your rules for ATM fees?,cash_withdrawal_charge
How do I avoid a fee to use an ATM?,cash_withdrawal_charge
How much can I withdrawal in one month without incurring fees?,cash_withdrawal_charge
Am I charged more for using the ATM?,cash_withdrawal_charge
"I just pulled money out of the ATM and was charged a fee, WHy?",cash_withdrawal_charge
Why was I charged for withdrawing cash?,cash_withdrawal_charge
"When I withdrew my money, why was there an extra charge?",cash_withdrawal_charge
I took out money and there is a fee.  Why?,cash_withdrawal_charge
Is there a cash withdrawal fee? Because I just got charged?,cash_withdrawal_charge
"Hello, I wanted to get some more information about ATM Withdraw Fee. I have been withdrawing money for years and notice this charge on my account. I always thought it was no fee since its you guys ATM company that I am withdrawing. Can you please explain?",cash_withdrawal_charge
How much money can I withdraw before fees? I noticed a fee on my card but I didn't think I had hit the limit of how much I could withdraw in a month.,cash_withdrawal_charge
"This is not right, I was told I could take out cash at the ATM for free?",cash_withdrawal_charge
How come I got to pay to get my money from the ATM?,cash_withdrawal_charge
"I just saw a charge for a cash withdrawal that I made! ATM withdrawals have always been free in the past, so why is there suddenly a charge? What is it going to cost me now?",cash_withdrawal_charge
"Why are you charging for cash withdrawals? I went to withdraw some money earlier today after getting my groceries, and it appears there is a fee that wasn't there before",cash_withdrawal_charge
What's up with the fee for getting cash?,cash_withdrawal_charge
"I was told that withdrawing cash from the ATM is free, but I'm charged a fee. Why is this?",cash_withdrawal_charge
Why are fees charged for cash withdrawals? I went to withdraw some money earlier today after shopping. There's a new fee that there.,cash_withdrawal_charge
"When I withdrew money from my account the other day, I noticed that there was a fee.  I didn't think that there were any fees for withdrawals...?  How much will I be charged?",cash_withdrawal_charge
I thought it was free to make a withdrawal. So how much does it cost now?,cash_withdrawal_charge
I just had a look at my statement. Why have I been changed for using the ATM?,cash_withdrawal_charge
Why are you charging me for ATM withdrawal? It has always been free before.,cash_withdrawal_charge
Is there a reason I was charged an extra fee for using the ATM?,cash_withdrawal_charge
There was an extra fee when I was at the ATM.  Why?,cash_withdrawal_charge
"I hate this ATM, it charged me an extra fee, Why did it charge?",cash_withdrawal_charge
Why is it I am charged an extra fee when I use the ATM?,cash_withdrawal_charge
What's up with the extra fee I got?,cash_withdrawal_charge
Tell me why there is a charge on my cash withdrawl.,cash_withdrawal_charge
Why was I charged for getting cash?,cash_withdrawal_charge
Why am I being charged to make cash withdrawals? I thought they were supposed to be free!,cash_withdrawal_charge
I should not have been charged a fee for cash withdrawal.,cash_withdrawal_charge
I got charged a fee that shouldn't be there from my cash,cash_withdrawal_charge
I was charged a fee for withdrawing cash.,cash_withdrawal_charge
"I want to get some cash from the ATM using my card but I dont want to be charged any fees. Ive taken some money out before with no fees, but recently Ive been getting charged. Why?",cash_withdrawal_charge
"I got this stupid fee after taking cash out, why?",cash_withdrawal_charge
"I was charged for a cash withdrawal, why?",cash_withdrawal_charge
I got cash and was charged a fee that shouldn't be there!,cash_withdrawal_charge
Please help!  There was an extra fee when I got cash.,cash_withdrawal_charge
Why have I all of a sudden been charged for my ATM withdrawal? I thought the withdrawals were free because this is the first time I've ever had this problem.,cash_withdrawal_charge
Can you tell me why I was charged to withdraw cash?,cash_withdrawal_charge
Why was I charged a fee when I withdrew money?,cash_withdrawal_charge
How come my cash withdrawal came with an unnecessary fee?!,cash_withdrawal_charge
A percentage fee was charged to my withdrawal.,cash_withdrawal_charge
Will I be charged for a cash withdrawal?,cash_withdrawal_charge
Explain the extra ATM fees.,cash_withdrawal_charge
"I just took some cash out of a cash machine in Heathrow airport because I wanted to buy some new sunglasses for my holiday but you've added a fee to the withdrawal, what is this?",cash_withdrawal_charge
The bank charged me fees for withdrawing cash!,cash_withdrawal_charge
Why am I charged a fee for getting cash?,cash_withdrawal_charge
I used an ATM and wanted to know why I was charged an extra fee.,cash_withdrawal_charge
Is there a fee for a cash withdrawal?,cash_withdrawal_charge
"I was charged a fee when withdrawing cash, can you explain why?",cash_withdrawal_charge
"I received a fee for obtaining cash, is this correct?",cash_withdrawal_charge
Today I noticed a charge for an ATM withdrawal on my account. Can you please fix this? It's supposed to be no charge.,cash_withdrawal_charge
Why are you charging fees on cash withdrawals? I went to withdraw some money earlier today after buying groceries. There's a fee that wasn't there before.,cash_withdrawal_charge
Is there a charge for cash withdrawals? I always thought it was free.,cash_withdrawal_charge
Tell me why there is an extra charge when I used an ATM?,cash_withdrawal_charge
Why did you charge me extra for withdrawing money?,cash_withdrawal_charge
Is there always a charge when withdrawing money?,cash_withdrawal_charge
I have a fee for cash withdrawal,cash_withdrawal_charge
Make me understand why I am charged an extra fee when I use the ATM.,cash_withdrawal_charge
Why am I being charge a fee when using an ATM?,cash_withdrawal_charge
I was under the impression ATM cash withdrawals were free. Why was I suddenly charged for my most recent ATM transaction?,cash_withdrawal_charge
I didn't realize that there were any fees for withdrawing money from my account--this has never happened to me before.  What exactly are the fees?,cash_withdrawal_charge
Are there ATM fees?,cash_withdrawal_charge
"Do you charge for cash withdrawals?  I want to get my hands on my own money and you appear to be charging me for the pleasure! Why is this, you'd never get this with my high street bank!",cash_withdrawal_charge
"Is there a fee when I get cash from an ATM? Is there a limit I can take out? If there is a fee, what is it?",cash_withdrawal_charge
Why was there a fee when I pulled cash?,cash_withdrawal_charge
"The ATM charged me an extra fee, Why?",cash_withdrawal_charge
Why am I being charged for withdrawing cash but haven't in the past?,cash_withdrawal_charge
Why did I get a fee for getting cash?,cash_withdrawal_charge
I have been charged a fee for getting cash,cash_withdrawal_charge
Why did I get charged when getting cash?,cash_withdrawal_charge
I made a cash withdrawal and was charged a fee incorrectly can you help with this?,cash_withdrawal_charge
I got charged fees for withdrawing cash!,cash_withdrawal_charge
Since when were there charges for taking out cash from my account? It's always been free for me to do this before.  How much are the charges going to be?,cash_withdrawal_charge
There was an unexpected fee for my cash withdrawal!,cash_withdrawal_charge
There was an extra fee on my account when I got cash.,cash_withdrawal_charge
"While getting cash, I was charged a fee.",cash_withdrawal_charge
Why did I get charged for a withdrawal?,cash_withdrawal_charge
How come I got charged extra for withdrawing cash?,cash_withdrawal_charge
Why am I being charged for getting cash?,cash_withdrawal_charge
Why do I see extra charges for withdrawing my money?,cash_withdrawal_charge
Anytime I've made an ATM withdrawal before it has always been free. I now say that I have been charged for my most recent ATM withdrawal. What's going on here?,cash_withdrawal_charge
What's going on? I was just recently charged for an ATM withdrawal. I've never seen this charge before and before it's always been free.,cash_withdrawal_charge
I saw a fee on my receipt from withdrawing money while shopping earlier.  Is there supposed to be a fee for this type of transaction?,cash_withdrawal_charge
Why was I charged an extra fee from the ATM?,cash_withdrawal_charge
"extra fees on a cash withdrawal, not cool.",cash_withdrawal_charge
Why am I being charged certain fees? I noticed a fee after I withdrew some money for groceries earlier today.,cash_withdrawal_charge
Have you started charging for cash withdrawals? I always thought it was free until I noticed this fee. How much is the fee?,cash_withdrawal_charge
Can you tell me why I was charged extra when I withdrew money?,cash_withdrawal_charge
"It seems I've suddenly been charged for my recent ATM cash withdrawal. What's up with that? I though withdrawals are free, you never charged me so far!",cash_withdrawal_charge
I believe i was charged for making a withdrawal after i went grocery shopping. Are you guys charging for this now?,cash_withdrawal_charge
Why was I charged when taking out money?,cash_withdrawal_charge
is there a charge on withdrawals?,cash_withdrawal_charge
Are there charges for cash withdrawals?,cash_withdrawal_charge
Do I get charged for withdrawals?,cash_withdrawal_charge
I was recently charged for withdrawing money from my bank ATM. How can that be possible when I haven't been charged for using it before?,cash_withdrawal_charge
Why did I get charged for withdrawing cash?,cash_withdrawal_charge
When did you start charging to make a withdrawal? How much is it now? I always thought it was free.,cash_withdrawal_charge
What was the extra charge for withdrawing money?,cash_withdrawal_charge
I was charged a fee with my cash withdrawal that I shouldn't have been charged.,cash_withdrawal_charge
Why is there a fee for cash withdrawal?,cash_withdrawal_charge
Why did using an ATM cause me to be charged an additional fee?,cash_withdrawal_charge
Why did I get a fee from the ATM?,cash_withdrawal_charge
to cash withdrawals charge me?,cash_withdrawal_charge
Why was I charged a fee on a cash withdrawal?,cash_withdrawal_charge
i withdraw cash from the ATM and was charged a fee,cash_withdrawal_charge
"Why did I get charged a fee, I thought it was free?",cash_withdrawal_charge
"I have never been charged for making an ATM cash withdrawal before, but I am now being charged a fee to withdraw cash. What happened?",cash_withdrawal_charge
I withdrew cash and was charged. Why?,cash_withdrawal_charge
Why do I have a charge for an ATM withdrawal? I thought these were free?,cash_withdrawal_charge
I got a strange fee when I used the ATM.,cash_withdrawal_charge
I used my card the other day to get cash from an ATM and was charged an extra fee. I don't understand why I am being charged a fee all of a sudden. I thought it was free to withdraw from an ATM?,cash_withdrawal_charge
Why was there a fee with my cash withdrawal?,cash_withdrawal_charge
what is this extra charge for a withdrawal?,cash_withdrawal_charge
Is there a charge for getting cash?,cash_withdrawal_charge
"Hello, I have noticed a problem on my recent withdrawal at the banks atm machine.  I made a transaction and upon receiving my funds from the machine, a fee was assessed to my withdrawal.  Are these types of transactions free of charge?",cash_withdrawal_charge
I have a strange transaction on my account which appears to pertain to a cash withdrawal I made outside Nandos in Leeds.  What is that for?  Is it fraud?,cash_withdrawal_charge
Why did you charge me for taking out cash?,cash_withdrawal_charge
"The past few times I've been to the ATM, I was charged a withdrawal fee. Have your policies changed regarding fees?",cash_withdrawal_charge
Why am i being charged for withdrawing cash funds?,cash_withdrawal_charge
What is your policy on withdrawing cash from an ATM? There is a fee on my account that wasn't there before I paid for my groceries.,cash_withdrawal_charge
What is the extra fee I was charged when using an ATM?,cash_withdrawal_charge
Why am I charged whenever I withdraw cash?,cash_withdrawal_charge
Why did you charge me extra when I withdrew cash?,cash_withdrawal_charge
I used an ATM and there was an extra charge.,cash_withdrawal_charge
"that fee should not be there, you charged my cash for an unnecessary thing.",cash_withdrawal_charge
Why was there an extra charge with the withdrawal of my money?,cash_withdrawal_charge
Why did you charge a fee when I withdrew from an ATM?,cash_withdrawal_charge
"Why is there now a charge for making cash withdrawals? I wanted some cash after I went to the grocery store, and there's a new fee!",cash_withdrawal_charge
Why am I being charged to withdrawal money?,cash_withdrawal_charge
Why was I charged a fee for my withdrawal?,cash_withdrawal_charge
Why did withdrawing money cost me extra?,cash_withdrawal_charge
Why was I charged a fee for withdrawing money off my card?,cash_withdrawal_charge
What is the fee for a cash withdrawal?,cash_withdrawal_charge
"I withdrew money and got a fee, please explain",cash_withdrawal_charge
I used my card to get cash then I was charged a fee that I shouldn't have been charged.,cash_withdrawal_charge
I noticed a different charge while I was taking my money out.,cash_withdrawal_charge
Why was I charged a fee for withdrawing money?,cash_withdrawal_charge
Do cash withdrawals cost anything?,cash_withdrawal_charge
Why is there a fee for getting cash?,cash_withdrawal_charge
